{"count":1,"self":19.386124799999997,"total":19.604784,"children":{"InitializeActuators":{"count":10,"self":0.0019936,"total":0.0019936,"children":null},"InitializeSensors":{"count":10,"self":0.0029928999999999997,"total":0.0090259,"children":{"CreateObservableSensors":{"count":10,"self":0.0060329999999999993,"total":0.0060329999999999993,"children":null}}},"AgentSendState":{"count":51,"self":0.0020357,"total":0.027248599999999998,"children":{"CollectObservations":{"count":30,"self":0.00096269999999999993,"total":0.00096269999999999993,"children":null},"WriteActionMask":{"count":30,"self":0.00099739999999999985,"total":0.00099739999999999985,"children":null},"RequestDecision":{"count":30,"self":0.0020017999999999998,"total":0.0232528,"children":{"AgentInfo.ToProto":{"count":30,"self":0.00099739999999999985,"total":0.021251,"children":{"GenerateSensorData":{"count":30,"self":0.0061747999999999994,"total":0.0202536,"children":{"RayPerceptionSensor.Perceive":{"count":30,"self":0.014078799999999999,"total":0.014078799999999999,"children":null}}}}}}}}},"DecideAction":{"count":51,"self":0.1755022,"total":0.1755022,"children":null},"AgentAct":{"count":51,"self":0.0048895,"total":0.0048895,"children":null}},"gauges":{},"metadata":{"timer_format_version":"0.1.0","start_time_seconds":"1613821135","unity_version":"2019.1.2f1","command_line_arguments":"C:\\Program Files\\Unity\\Hub\\Editor\\2019.1.2f1\\Editor\\Unity.exe -projectpath C:\/Users\/Simone\/Desktop\/IV\/Information-Visualization\/pacman -useHub -hubIPC -cloudEnvironment production -hubSessionId 7abf3ed0-736f-11eb-85c0-4df4f426b6d6","communication_protocol_version":"1.3.0","com.unity.ml-agents_version":"1.7.2-preview","scene_name":"Livello_train","end_time_seconds":"1613821154"}}