{"count":1,"self":1445.1454976,"total":2366.9612296,"children":{"InitializeActuators":{"count":1,"self":0.0019944999999999997,"total":0.0019944999999999997,"children":null},"InitializeSensors":{"count":1,"self":0.0029971999999999998,"total":0.0059866999999999993,"children":{"CreateObservableSensors":{"count":1,"self":0.0029895,"total":0.0029895,"children":null}}},"AgentSendState":{"count":1778851,"self":26.429947199999997,"total":73.747208,"children":{"CollectObservations":{"count":88976,"self":0.88423239999999992,"total":0.88423239999999992,"children":null},"WriteActionMask":{"count":88976,"self":0.7962627,"total":0.7962627,"children":null},"RequestDecision":{"count":88976,"self":3.2260108,"total":45.636765999999994,"children":{"AgentInfo.ToProto":{"count":88976,"self":2.0474571999999998,"total":42.410755099999996,"children":{"GenerateSensorData":{"count":88976,"self":13.349490399999999,"total":40.363298,"children":{"RayPerceptionSensor.Perceive":{"count":177952,"self":27.013807999999997,"total":27.0138075,"children":null}}}}}}}}},"DecideAction":{"count":1778851,"self":812.694272,"total":812.694261,"children":null},"AgentAct":{"count":1778851,"self":35.3602592,"total":35.360258099999996,"children":null},"AgentInfo.ToProto":{"count":9,"self":0.0009971,"total":0.0049905,"children":{"GenerateSensorData":{"count":9,"self":0.0029962,"total":0.0039934,"children":{"RayPerceptionSensor.Perceive":{"count":18,"self":0.0009972,"total":0.0009972,"children":null}}}}}},"gauges":{"PacMan.CumulativeReward":{"count":9,"max":2.92607164,"min":-2.68929529,"runningAverage":0.5593438,"value":-1.53173685,"weightedAverage":0.009747446}},"metadata":{"timer_format_version":"0.1.0","start_time_seconds":"1613954056","unity_version":"2019.4.20f1","command_line_arguments":"C:\\Program Files\\Unity\\Hub\\Editor\\2019.4.20f1\\Editor\\Unity.exe -projectpath C:\/Users\/franc\/Documents\/GitHub\/Information-Visualization\/pacman -useHub -hubIPC -cloudEnvironment production -hubSessionId a47d4b50-7481-11eb-9b40-110f57326a7b -accessToken Ie1DFrItzLNRf3IaDDpZWX4YzuMuSDDw7WbrJB22qO4006f","communication_protocol_version":"1.3.0","com.unity.ml-agents_version":"1.7.2-preview","scene_name":"Livello","end_time_seconds":"1613956423"}}