{"count":1,"self":14.8848112,"total":22.045048599999998,"children":{"InitializeActuators":{"count":2,"self":0.0020058999999999997,"total":0.0020058999999999997,"children":null},"InitializeSensors":{"count":2,"self":0.002995,"total":0.0082972999999999988,"children":{"CreateObservableSensors":{"count":2,"self":0.0053022999999999994,"total":0.0053022999999999994,"children":null}}},"AgentSendState":{"count":15017,"self":0.1602883,"total":0.6426411,"children":{"CollectObservations":{"count":1502,"self":0.011526699999999999,"total":0.011526699999999999,"children":null},"WriteActionMask":{"count":1502,"self":0.0068563,"total":0.0068563,"children":null},"RequestDecision":{"count":1502,"self":0.0369463,"total":0.4639698,"children":{"AgentInfo.ToProto":{"count":1502,"self":0.020010999999999998,"total":0.4270235,"children":{"GenerateSensorData":{"count":1502,"self":0.19396249999999998,"total":0.4070125,"children":{"RayPerceptionSensor.Perceive":{"count":1502,"self":0.21305,"total":0.21305,"children":null}}}}}}}}},"DecideAction":{"count":15017,"self":6.0903339999999995,"total":6.0903341,"children":null},"AgentAct":{"count":15017,"self":0.4107765,"total":0.4107765,"children":null},"AgentInfo.ToProto":{"count":13,"self":0,"total":0.0042223999999999994,"children":{"GenerateSensorData":{"count":13,"self":0.0029056999999999998,"total":0.0042223999999999994,"children":{"RayPerceptionSensor.Perceive":{"count":13,"self":0.0013166999999999999,"total":0.0013166999999999999,"children":null}}}}}},"gauges":{"PacMan.CumulativeReward":{"count":13,"max":-3.5,"min":-4.791993,"runningAverage":-4.223213,"value":-4.791993,"weightedAverage":-4.45703554}},"metadata":{"timer_format_version":"0.1.0","start_time_seconds":"1613866895","unity_version":"2019.4.20f1","command_line_arguments":"C:\\Program Files\\Unity\\Hub\\Editor\\2019.4.20f1\\Editor\\Unity.exe -projectpath C:\/Users\/Simone\/Desktop\/IV\/Information-Visualization\/pacman -useHub -hubIPC -cloudEnvironment production -hubSessionId 28bc17c0-739c-11eb-97a0-e5e444491c3b","communication_protocol_version":"1.3.0","com.unity.ml-agents_version":"1.7.2-preview","scene_name":"Livello","end_time_seconds":"1613866917"}}