{"count":1,"self":272.9161216,"total":421.89294559999996,"children":{"InitializeActuators":{"count":193,"self":0.0056704,"total":0.0056704,"children":null},"InitializeSensors":{"count":193,"self":0.014704799999999999,"total":0.014704799999999999,"children":null},"AgentSendState":{"count":329167,"self":4.7267991999999994,"total":8.5257366,"children":{"CollectObservations":{"count":16459,"self":0.18022639999999998,"total":0.18022639999999998,"children":null},"WriteActionMask":{"count":16459,"self":0.1587322,"total":0.1587322,"children":null},"RequestDecision":{"count":16459,"self":0.5598678,"total":3.4599789,"children":{"AgentInfo.ToProto":{"count":16459,"self":0.39178599999999997,"total":2.9001110999999997,"children":{"GenerateSensorData":{"count":16459,"self":1.225951,"total":2.5083251,"children":{"RayPerceptionSensor.Perceive":{"count":16459,"self":1.2823741,"total":1.2823741,"children":null}}}}}}}}},"DecideAction":{"count":329167,"self":123.07153919999999,"total":123.07153869999999,"children":null},"AgentAct":{"count":329167,"self":17.310619199999998,"total":17.3528594,"children":{"AgentInfo.ToProto":{"count":190,"self":0.0068226,"total":0.042240599999999996,"children":{"GenerateSensorData":{"count":190,"self":0.0102702,"total":0.035418,"children":{"RayPerceptionSensor.Perceive":{"count":190,"self":0.025147799999999998,"total":0.025147799999999998,"children":null}}}}}}},"AgentInfo.ToProto":{"count":16,"self":0.0007498,"total":0.0042822,"children":{"GenerateSensorData":{"count":16,"self":0.00011659999999999999,"total":0.0035323999999999998,"children":{"RayPerceptionSensor.Perceive":{"count":16,"self":0.0034157999999999997,"total":0.0034157999999999997,"children":null}}}}}},"gauges":{"PacMan.CumulativeReward":{"count":191,"max":28.3075,"min":-1.68530023,"runningAverage":6.99627256,"value":13.4996729,"weightedAverage":10.2406931}},"metadata":{"timer_format_version":"0.1.0","start_time_seconds":"1613673314","unity_version":"2019.1.2f1","command_line_arguments":"C:\\Program Files\\Unity\\Hub\\Editor\\2019.1.2f1\\Editor\\Unity.exe -projectpath C:\/Users\/Simone\/Desktop\/IV\/Information-Visualization\/pacman -useHub -hubIPC -cloudEnvironment production -hubSessionId d00ef950-7204-11eb-a98a-cb39a4bf9bf5","communication_protocol_version":"1.3.0","com.unity.ml-agents_version":"1.7.2-preview","scene_name":"Livello","end_time_seconds":"1613673736"}}