{"cameraMode":{"drawMode":0,"name":"Shaded","section":"Shading Mode"},"sceneLighting":true,"audioPlay":false,"sceneViewState":{"showFog":true,"showMaterialUpdate":false,"showSkybox":true,"showFlares":true,"showImageEffects":true,"showParticleSystems":true},"in2DMode":false,"pivot":{"x":0.0,"y":0.554010272026062,"z":-0.000008106231689453125},"rotation":{"x":0.7102808356285095,"y":-0.0010558762587606907,"z":0.0010654220823198557,"w":0.7039169073104858},"size":106.51817321777344,"orthographic":true}