{"cameraMode":{"drawMode":0,"name":"Shaded","section":"Shading Mode"},"sceneLighting":false,"audioPlay":false,"sceneViewState":{"showFog":true,"showMaterialUpdate":false,"showSkybox":true,"showFlares":true,"showImageEffects":true,"showParticleSystems":true},"in2DMode":false,"pivot":{"x":4.752945899963379,"y":17.821975708007814,"z":8.555567741394043},"rotation":{"x":-0.06761740148067475,"y":0.7795795202255249,"z":-0.61674964427948,"w":-0.0854693278670311},"size":6.843297958374023,"orthographic":false}