{"cameraMode":{"drawMode":0,"name":"Shaded","section":"Shading Mode"},"sceneLighting":true,"audioPlay":false,"sceneViewState":{"showFog":true,"showMaterialUpdate":false,"showSkybox":true,"showFlares":true,"showImageEffects":true,"showParticleSystems":true},"in2DMode":false,"pivot":{"x":0.0074971020221710209,"y":0.6743304133415222,"z":0.5433593988418579},"rotation":{"x":-0.00997482892125845,"y":0.9426631927490234,"z":-0.33239448070526125,"w":-0.028288384899497033},"size":7.236088752746582,"orthographic":true}