{"cameraMode":{"drawMode":0,"name":"Shaded","section":"Shading Mode"},"sceneLighting":false,"audioPlay":false,"sceneViewState":{"showFog":true,"showMaterialUpdate":false,"showSkybox":true,"showFlares":true,"showImageEffects":true,"showParticleSystems":true},"in2DMode":false,"pivot":{"x":0.9024991989135742,"y":0.5099999904632568,"z":-0.8666563034057617},"rotation":{"x":0.14323027431964875,"y":0.8213388919830322,"z":-0.49940618872642519,"w":0.2355567216873169},"size":1.9563204050064088,"orthographic":true}