{"cameraMode":{"drawMode":0,"name":"Shaded","section":"Shading Mode"},"sceneLighting":false,"audioPlay":false,"sceneViewState":{"showFog":false,"showMaterialUpdate":false,"showSkybox":false,"showFlares":false,"showImageEffects":false,"showParticleSystems":false},"in2DMode":false,"pivot":{"x":-0.2994493246078491,"y":0.0356898307800293,"z":2.9802322387695315e-8},"rotation":{"x":0.09074454009532929,"y":-0.4244236648082733,"z":0.04279879480600357,"w":0.8998885154724121},"size":2.067805290222168,"orthographic":false}