{"cameraMode":{"drawMode":0,"name":"Shaded","section":"Shading Mode"},"sceneLighting":false,"audioPlay":false,"sceneViewState":{"showFog":false,"showMaterialUpdate":false,"showSkybox":false,"showFlares":false,"showImageEffects":false,"showParticleSystems":false},"in2DMode":false,"pivot":{"x":0.0648718774318695,"y":0.8504319190979004,"z":-6.356156349182129},"rotation":{"x":0.2019113451242447,"y":0.011752539314329625,"z":-0.0024230286944657566,"w":0.9793304204940796},"size":22.924650192260743,"orthographic":false}